<?xml version="1.0" encoding="UTF-8"?>
<project-private xmlns="http://www.netbeans.org/ns/project-private/1">
    <editor-bookmarks xmlns="http://www.netbeans.org/ns/editor-bookmarks/2" lastBookmarkId="0"/>
    <open-files xmlns="http://www.netbeans.org/ns/projectui-open-files/2">
        <group>
            <file>file:/home/martijn/Documents/Univ/master/1e_fase/semester_1/Gedistribueerde_Systemen/exercises/DistributedSystems/JavaEE_2-3/assignment2/CarRental-lib/src/rental/Reservation.java</file>
            <file>file:/home/martijn/Documents/Univ/master/1e_fase/semester_1/Gedistribueerde_Systemen/exercises/DistributedSystems/JavaEE_2-3/assignment2/CarRental-lib/src/rental/CarRentalCompany.java</file>
            <file>file:/home/martijn/Documents/Univ/master/1e_fase/semester_1/Gedistribueerde_Systemen/exercises/DistributedSystems/JavaEE_2-3/assignment2/CarRental-lib/src/session/ManagerSessionRemote.java</file>
            <file>file:/home/martijn/Documents/Univ/master/1e_fase/semester_1/Gedistribueerde_Systemen/exercises/DistributedSystems/JavaEE_2-3/assignment2/CarRental-lib/src/rental/ReservationException.java</file>
            <file>file:/home/martijn/Documents/Univ/master/1e_fase/semester_1/Gedistribueerde_Systemen/exercises/DistributedSystems/JavaEE_2-3/assignment2/CarRental-lib/src/rental/Car.java</file>
            <file>file:/home/martijn/Documents/Univ/master/1e_fase/semester_1/Gedistribueerde_Systemen/exercises/DistributedSystems/JavaEE_2-3/assignment2/CarRental-lib/src/session/CarRentalSessionRemote.java</file>
            <file>file:/home/martijn/Documents/Univ/master/1e_fase/semester_1/Gedistribueerde_Systemen/exercises/DistributedSystems/JavaEE_2-3/assignment2/CarRental-lib/src/rental/Quote.java</file>
            <file>file:/home/martijn/Documents/Univ/master/1e_fase/semester_1/Gedistribueerde_Systemen/exercises/DistributedSystems/JavaEE_2-3/assignment2/CarRental-lib/src/rental/CarType.java</file>
            <file>file:/home/martijn/Documents/Univ/master/1e_fase/semester_1/Gedistribueerde_Systemen/exercises/DistributedSystems/JavaEE_2-3/assignment2/CarRental-lib/src/rental/ReservationConstraints.java</file>
        </group>
    </open-files>
</project-private>
