<?xml version="1.0" encoding="UTF-8"?>
<project-private xmlns="http://www.netbeans.org/ns/project-private/1">
    <editor-bookmarks xmlns="http://www.netbeans.org/ns/editor-bookmarks/2" lastBookmarkId="0"/>
    <open-files xmlns="http://www.netbeans.org/ns/projectui-open-files/2">
        <group>
            <file>file:/home/martijn/Documents/Univ/master/1e_fase/semester_1/Gedistribueerde_Systemen/exercises/DistributedSystems/JavaEE_2-3/assignment2/CarRental-ejb/src/java/session/ManagerSession.java</file>
            <file>file:/home/martijn/Documents/Univ/master/1e_fase/semester_1/Gedistribueerde_Systemen/exercises/DistributedSystems/JavaEE_2-3/assignment2/CarRental-ejb/src/java/session/CarRentalSession.java</file>
            <file>file:/home/martijn/Documents/Univ/master/1e_fase/semester_1/Gedistribueerde_Systemen/exercises/DistributedSystems/JavaEE_2-3/assignment2/CarRental-ejb/nbproject/build-impl.xml</file>
        </group>
    </open-files>
</project-private>
